epoch,train,val
1,0.5497454702854156,0.570599446694056
2,0.6337584435939788,0.62369424700737
